id,split,confidence_original,confidence_scaled,correct
"test-generated-0","test","0.9362395518765058","0.7048729976954938","true"
"test-generated-1","test","0.9362395518765058","0.7048729976954939","true"
"test-generated-2","test","0.9362395518765058","0.7048729976954939","true"
"test-generated-3","test","0.9362395518765058","0.7048729976954938","true"
"test-generated-4","test","0.9362395518765058","0.7048729976954939","true"
"test-generated-5","test","0.9362395518765058","0.7048729976954939","true"
"test-generated-6","test","0.9362395518765058","0.7048729976954938","true"
"test-generated-7","test","0.9362395518765058","0.7048729976954939","false"
"test-generated-8","test","0.9362395518765058","0.7048729976954939","false"
"test-generated-9","test","0.9362395518765058","0.7048729976954938","false"
"test-generated-10","test","0.9362395518765058","0.7048729976954939","true"
"test-generated-11","test","0.9362395518765058","0.7048729976954939","true"
"test-generated-12","test","0.9362395518765058","0.7048729976954938","true"
"test-generated-13","test","0.9362395518765058","0.7048729976954939","true"
"test-generated-14","test","0.9362395518765058","0.7048729976954939","true"
"test-generated-15","test","0.9362395518765058","0.7048729976954938","true"
"test-generated-16","test","0.9362395518765058","0.7048729976954939","true"
"test-generated-17","test","0.9362395518765058","0.7048729976954939","false"
"test-generated-18","test","0.9362395518765058","0.7048729976954938","false"
"test-generated-19","test","0.9362395518765058","0.7048729976954939","false"
"test-generated-20","test","0.9362395518765058","0.7048729976954939","true"
"test-generated-21","test","0.9362395518765058","0.7048729976954938","true"
"test-generated-22","test","0.9362395518765058","0.7048729976954939","true"
"test-generated-23","test","0.9362395518765058","0.7048729976954939","true"
"test-generated-24","test","0.9362395518765058","0.7048729976954938","true"
"test-generated-25","test","0.9362395518765058","0.7048729976954939","true"
"test-generated-26","test","0.9362395518765058","0.7048729976954939","true"
"test-generated-27","test","0.9362395518765058","0.7048729976954938","false"
"test-generated-28","test","0.9362395518765058","0.7048729976954939","false"
"test-generated-29","test","0.9362395518765058","0.7048729976954939","false"
"test-generated-30","test","0.9362395518765058","0.7048729976954938","true"
"test-generated-31","test","0.9362395518765058","0.7048729976954939","true"
"test-generated-32","test","0.9362395518765058","0.7048729976954939","true"
"test-generated-33","test","0.9362395518765058","0.7048729976954938","true"
"test-generated-34","test","0.9362395518765058","0.7048729976954939","true"
"test-generated-35","test","0.9362395518765058","0.7048729976954939","true"
"test-generated-36","test","0.9362395518765058","0.7048729976954938","true"
"test-generated-37","test","0.9362395518765058","0.7048729976954939","false"
"test-generated-38","test","0.9362395518765058","0.7048729976954939","false"
"test-generated-39","test","0.9362395518765058","0.7048729976954938","false"
"test-generated-40","test","0.9362395518765058","0.7048729976954939","true"
"test-generated-41","test","0.9362395518765058","0.7048729976954939","true"
"test-generated-42","test","0.9362395518765058","0.7048729976954938","true"
"test-generated-43","test","0.9362395518765058","0.7048729976954939","true"
"test-generated-44","test","0.9362395518765058","0.7048729976954939","true"
"test-generated-45","test","0.9362395518765058","0.7048729976954938","true"
"test-generated-46","test","0.9362395518765058","0.7048729976954939","true"
"test-generated-47","test","0.9362395518765058","0.7048729976954939","false"
"test-generated-48","test","0.9362395518765058","0.7048729976954938","false"
"test-generated-49","test","0.9362395518765058","0.7048729976954939","false"
"test-generated-50","test","0.9362395518765058","0.7048729976954939","true"
"test-generated-51","test","0.9362395518765058","0.7048729976954938","true"
"test-generated-52","test","0.9362395518765058","0.7048729976954939","true"
"test-generated-53","test","0.9362395518765058","0.7048729976954939","true"
"test-generated-54","test","0.9362395518765058","0.7048729976954938","true"
"test-generated-55","test","0.9362395518765058","0.7048729976954939","true"
"test-generated-56","test","0.9362395518765058","0.7048729976954939","true"
"test-generated-57","test","0.9362395518765058","0.7048729976954938","false"
"test-generated-58","test","0.9362395518765058","0.7048729976954939","false"
"test-generated-59","test","0.9362395518765058","0.7048729976954939","false"
"test-generated-60","test","0.9362395518765058","0.7048729976954938","true"
"test-generated-61","test","0.9362395518765058","0.7048729976954939","true"
"test-generated-62","test","0.9362395518765058","0.7048729976954939","true"
"test-generated-63","test","0.9362395518765058","0.7048729976954938","true"
"test-generated-64","test","0.9362395518765058","0.7048729976954939","true"
"test-generated-65","test","0.9362395518765058","0.7048729976954939","true"
"test-generated-66","test","0.9362395518765058","0.7048729976954938","true"
"test-generated-67","test","0.9362395518765058","0.7048729976954939","false"
"test-generated-68","test","0.9362395518765058","0.7048729976954939","false"
"test-generated-69","test","0.9362395518765058","0.7048729976954938","false"
"test-generated-70","test","0.9362395518765058","0.7048729976954939","true"
"test-generated-71","test","0.9362395518765058","0.7048729976954939","true"
"test-generated-72","test","0.9362395518765058","0.7048729976954938","true"
"test-generated-73","test","0.9362395518765058","0.7048729976954939","true"
"test-generated-74","test","0.9362395518765058","0.7048729976954939","true"
"test-generated-75","test","0.9362395518765058","0.7048729976954938","true"
"test-generated-76","test","0.9362395518765058","0.7048729976954939","true"
"test-generated-77","test","0.9362395518765058","0.7048729976954939","false"
"test-generated-78","test","0.9362395518765058","0.7048729976954938","false"
"test-generated-79","test","0.9362395518765058","0.7048729976954939","false"
"test-generated-80","test","0.9362395518765058","0.7048729976954939","true"
"test-generated-81","test","0.9362395518765058","0.7048729976954938","true"
"test-generated-82","test","0.9362395518765058","0.7048729976954939","true"
"test-generated-83","test","0.9362395518765058","0.7048729976954939","true"
"test-generated-84","test","0.9362395518765058","0.7048729976954938","true"
"test-generated-85","test","0.9362395518765058","0.7048729976954939","true"
"test-generated-86","test","0.9362395518765058","0.7048729976954939","true"
"test-generated-87","test","0.9362395518765058","0.7048729976954938","false"
"test-generated-88","test","0.9362395518765058","0.7048729976954939","false"
"test-generated-89","test","0.9362395518765058","0.7048729976954939","false"
"test-generated-90","test","0.9362395518765058","0.7048729976954938","true"
"test-generated-91","test","0.9362395518765058","0.7048729976954939","true"
"test-generated-92","test","0.9362395518765058","0.7048729976954939","true"
"test-generated-93","test","0.9362395518765058","0.7048729976954938","true"
"test-generated-94","test","0.9362395518765058","0.7048729976954939","true"
"test-generated-95","test","0.9362395518765058","0.7048729976954939","true"
"test-generated-96","test","0.9362395518765058","0.7048729976954938","true"
"test-generated-97","test","0.9362395518765058","0.7048729976954939","false"
"test-generated-98","test","0.9362395518765058","0.7048729976954939","false"
"test-generated-99","test","0.9362395518765058","0.7048729976954938","false"
"test-generated-100","test","0.9362395518765058","0.7048729976954939","true"
"test-generated-101","test","0.9362395518765058","0.7048729976954939","true"
"test-generated-102","test","0.9362395518765058","0.7048729976954938","true"
"test-generated-103","test","0.9362395518765058","0.7048729976954939","true"
"test-generated-104","test","0.9362395518765058","0.7048729976954939","true"
"test-generated-105","test","0.9362395518765058","0.7048729976954938","true"
"test-generated-106","test","0.9362395518765058","0.7048729976954939","true"
"test-generated-107","test","0.9362395518765058","0.7048729976954939","false"
"test-generated-108","test","0.9362395518765058","0.7048729976954938","false"
"test-generated-109","test","0.9362395518765058","0.7048729976954939","false"
"test-generated-110","test","0.9362395518765058","0.7048729976954939","true"
"test-generated-111","test","0.9362395518765058","0.7048729976954938","true"
"test-generated-112","test","0.9362395518765058","0.7048729976954939","true"
"test-generated-113","test","0.9362395518765058","0.7048729976954939","true"
"test-generated-114","test","0.9362395518765058","0.7048729976954938","true"
"test-generated-115","test","0.9362395518765058","0.7048729976954939","true"
"test-generated-116","test","0.9362395518765058","0.7048729976954939","true"
"test-generated-117","test","0.9362395518765058","0.7048729976954938","false"
"test-generated-118","test","0.9362395518765058","0.7048729976954939","false"
"test-generated-119","test","0.9362395518765058","0.7048729976954939","false"
"test-generated-120","test","0.9362395518765058","0.7048729976954938","true"
"test-generated-121","test","0.9362395518765058","0.7048729976954939","true"
"test-generated-122","test","0.9362395518765058","0.7048729976954939","true"
"test-generated-123","test","0.9362395518765058","0.7048729976954938","true"
"test-generated-124","test","0.9362395518765058","0.7048729976954939","true"
"test-generated-125","test","0.9362395518765058","0.7048729976954939","true"
"test-generated-126","test","0.9362395518765058","0.7048729976954938","true"
"test-generated-127","test","0.9362395518765058","0.7048729976954939","false"
"test-generated-128","test","0.9362395518765058","0.7048729976954939","false"
"test-generated-129","test","0.9362395518765058","0.7048729976954938","false"
"test-generated-130","test","0.9362395518765058","0.7048729976954939","true"
"test-generated-131","test","0.9362395518765058","0.7048729976954939","true"
"test-generated-132","test","0.9362395518765058","0.7048729976954938","true"
"test-generated-133","test","0.9362395518765058","0.7048729976954939","true"
"test-generated-134","test","0.9362395518765058","0.7048729976954939","true"
"test-generated-135","test","0.9362395518765058","0.7048729976954938","true"
"test-generated-136","test","0.9362395518765058","0.7048729976954939","true"
"test-generated-137","test","0.9362395518765058","0.7048729976954939","false"
"test-generated-138","test","0.9362395518765058","0.7048729976954938","false"
"test-generated-139","test","0.9362395518765058","0.7048729976954939","false"
"test-generated-140","test","0.9362395518765058","0.7048729976954939","true"
"test-generated-141","test","0.9362395518765058","0.7048729976954938","true"
"test-generated-142","test","0.9362395518765058","0.7048729976954939","true"
"test-generated-143","test","0.9362395518765058","0.7048729976954939","true"
"test-generated-144","test","0.9362395518765058","0.7048729976954938","true"
"test-generated-145","test","0.9362395518765058","0.7048729976954939","true"
"test-generated-146","test","0.9362395518765058","0.7048729976954939","true"
"test-generated-147","test","0.9362395518765058","0.7048729976954938","false"
"test-generated-148","test","0.9362395518765058","0.7048729976954939","false"
"test-generated-149","test","0.9362395518765058","0.7048729976954939","false"